id, value
Talend Studio,
Talend Studio.Authentication,
Talend Studio.Authentication.tSetKeystore,1
Talend Studio.AWS,
Talend Studio.AWS.cAWSConnection,3
Talend Studio.AWS.S3,
Talend Studio.AWS.S3.cAWSS3,4
Talend Studio.AWS.cAWSSES,5
Talend Studio.AWS.cAWSSNS,6
Talend Studio.AWS.SQS,
Talend Studio.AWS.SQS.cAWSSQS,7
Talend Studio.Big Data,
Talend Studio.Big Data.tBigQueryBulkExec,9
Talend Studio.Big Data.tBigQueryInput,10
Talend Studio.Big Data.tBigQueryOutput,11
Talend Studio.Big Data.tBigQueryOutputBulk,12
Talend Studio.Big Data.tBigQuerySQLRow,13
Talend Studio.Big Data.Cassandra,
Talend Studio.Big Data.Cassandra.tCassandraBulkExec,14
Talend Studio.Big Data.Cassandra.tCassandraClose,15
Talend Studio.Big Data.Cassandra.tCassandraConnection,16
Talend Studio.Big Data.Cassandra.tCassandraInput,17
Talend Studio.Big Data.Cassandra.tCassandraOutput,18
Talend Studio.Big Data.Cassandra.tCassandraOutputBulk,19
Talend Studio.Big Data.Cassandra.tCassandraOutputBulkExec,20
Talend Studio.Big Data.Cassandra.tCassandraRow,21
Talend Studio.Big Data.tDBFSConnection,22
Talend Studio.Big Data.tDBFSGet,23
Talend Studio.Big Data.tDBFSPut,24
Talend Studio.Big Data.DynamoDB,
Talend Studio.Big Data.DynamoDB.tDynamoDBInput,25
Talend Studio.Big Data.DynamoDB.tDynamoDBOutput,26
Talend Studio.Big Data.tGSBucketCreate,27
Talend Studio.Big Data.tGSBucketDelete,28
Talend Studio.Big Data.tGSBucketExist,29
Talend Studio.Big Data.tGSBucketList,30
Talend Studio.Big Data.tGSClose,31
Talend Studio.Big Data.tGSConnection,32
Talend Studio.Big Data.tGSCopy,33
Talend Studio.Big Data.tGSDelete,34
Talend Studio.Big Data.tGSGet,35
Talend Studio.Big Data.tGSList,36
Talend Studio.Big Data.tGSPut,37
Talend Studio.Big Data.HBase,
Talend Studio.Big Data.HBase.tHBaseClose,38
Talend Studio.Big Data.HBase.tHBaseConnection,39
Talend Studio.Big Data.HBase.tHBaseInput,40
Talend Studio.Big Data.HBase.tHBaseOutput,41
Talend Studio.Big Data.tHCatalogInput,42
Talend Studio.Big Data.tHCatalogLoad,43
Talend Studio.Big Data.tHCatalogOperation,44
Talend Studio.Big Data.tHCatalogOutput,45
Talend Studio.Big Data.HDFS,
Talend Studio.Big Data.HDFS.tHDFSCompare,46
Talend Studio.Big Data.HDFS.tHDFSConnection,47
Talend Studio.Big Data.HDFS.tHDFSCopy,48
Talend Studio.Big Data.HDFS.tHDFSDelete,49
Talend Studio.Big Data.HDFS.tHDFSExist,50
Talend Studio.Big Data.HDFS.tHDFSGet,51
Talend Studio.Big Data.HDFS.tHDFSInput,52
Talend Studio.Big Data.HDFS.tHDFSList,53
Talend Studio.Big Data.HDFS.tHDFSOutput,54
Talend Studio.Big Data.HDFS.tHDFSOutputRaw,55
Talend Studio.Big Data.HDFS.tHDFSProperties,56
Talend Studio.Big Data.HDFS.tHDFSPut,57
Talend Studio.Big Data.HDFS.tHDFSRename,58
Talend Studio.Big Data.HDFS.tHDFSRowCount,59
Talend Studio.Big Data.Hive,
Talend Studio.Big Data.Hive.tHiveClose,60
Talend Studio.Big Data.Hive.tHiveConnection,61
Talend Studio.Big Data.Hive.tHiveCreateTable,62
Talend Studio.Big Data.Hive.tHiveInput,63
Talend Studio.Big Data.Hive.tHiveLoad,64
Talend Studio.Big Data.Hive.tHiveRow,65
Talend Studio.Big Data.Impala,
Talend Studio.Big Data.Impala.tImpalaClose,66
Talend Studio.Big Data.Impala.tImpalaConnection,67
Talend Studio.Big Data.Impala.tImpalaCreateTable,68
Talend Studio.Big Data.Impala.tImpalaInput,69
Talend Studio.Big Data.Impala.tImpalaLoad,70
Talend Studio.Big Data.Impala.tImpalaOutput,71
Talend Studio.Big Data.Impala.tImpalaRow,72
Talend Studio.Big Data.MapR,
Talend Studio.Big Data.MapR.tMapRDBClose,73
Talend Studio.Big Data.MapR.tMapRDBConnection,74
Talend Studio.Big Data.MapR.tMapRDBInput,75
Talend Studio.Big Data.MapR.tMapRDBOutput,76
Talend Studio.Big Data.MapR.tMapRStreamsConnection,77
Talend Studio.Big Data.MarkLogic,
Talend Studio.Big Data.MarkLogic.tMarkLogicBulkLoad,78
Talend Studio.Big Data.MarkLogic.tMarkLogicClose,79
Talend Studio.Big Data.MarkLogic.tMarkLogicConnection,80
Talend Studio.Big Data.MarkLogic.tMarkLogicInput,81
Talend Studio.Big Data.MarkLogic.tMarkLogicOutput,82
Talend Studio.Big Data.MongoDB,
Talend Studio.Big Data.MongoDB.tMongoDBBulkLoad,83
Talend Studio.Big Data.MongoDB.tMongoDBClose,84
Talend Studio.Big Data.MongoDB.tMongoDBConnection,85
Talend Studio.Big Data.MongoDB.tMongoDBGridFSDelete,86
Talend Studio.Big Data.MongoDB.tMongoDBGridFSGet,87
Talend Studio.Big Data.MongoDB.tMongoDBGridFSList,88
Talend Studio.Big Data.MongoDB.tMongoDBGridFSProperties,89
Talend Studio.Big Data.MongoDB.tMongoDBGridFSPut,90
Talend Studio.Big Data.MongoDB.tMongoDBInput,91
Talend Studio.Big Data.MongoDB.tMongoDBOutput,92
Talend Studio.Big Data.MongoDB.tMongoDBRow,93
Talend Studio.Big Data.Neo4j,
Talend Studio.Big Data.Neo4j.tNeo4jBatchOutput,94
Talend Studio.Big Data.Neo4j.tNeo4jBatchOutputRelationship,95
Talend Studio.Big Data.Neo4j.tNeo4jBatchSchema,96
Talend Studio.Big Data.Neo4j.tNeo4jClose,97
Talend Studio.Big Data.Neo4j.tNeo4jConnection,98
Talend Studio.Big Data.Neo4j.tNeo4jImportTool,99
Talend Studio.Big Data.Neo4j.tNeo4jInput,100
Talend Studio.Big Data.Neo4j.tNeo4jOutput,101
Talend Studio.Big Data.Neo4j.tNeo4jOutputRelationship,102
Talend Studio.Big Data.Neo4j.tNeo4jRow,103
Talend Studio.Big Data.Riak,
Talend Studio.Big Data.Riak.tRiakBucketList,104
Talend Studio.Big Data.Riak.tRiakClose,105
Talend Studio.Big Data.Riak.tRiakConnection,106
Talend Studio.Big Data.Riak.tRiakInput,107
Talend Studio.Big Data.Riak.tRiakKeyList,108
Talend Studio.Big Data.Riak.tRiakOutput,109
Talend Studio.Big Data.Sqoop,
Talend Studio.Big Data.Sqoop.tSqoopExport,110
Talend Studio.Big Data.Sqoop.tSqoopImport,111
Talend Studio.Big Data.Sqoop.tSqoopImportAllTables,112
Talend Studio.Big Data.Sqoop.tSqoopMerge,113
Talend Studio.Business,
Talend Studio.Business.tBonitaDeploy,115
Talend Studio.Business.tBonitaInstantiateProcess,116
Talend Studio.Business.tJIRAInput,117
Talend Studio.Business.tJIRAOutput,118
Talend Studio.Business.Marketo,
Talend Studio.Business.Marketo.tMarketoBulkExec,119
Talend Studio.Business.Marketo.tMarketoCampaign,120
Talend Studio.Business.Marketo.tMarketoConnection,121
Talend Studio.Business.Marketo.tMarketoInput,122
Talend Studio.Business.Marketo.tMarketoListOperation,123
Talend Studio.Business.Marketo.tMarketoOutput,124
Talend Studio.Business.Microsoft,
Talend Studio.Business.Microsoft.tMicrosoftCrmInput,125
Talend Studio.Business.Microsoft.tMicrosoftCrmOutput,126
Talend Studio.Business.Netsuite,
Talend Studio.Business.Netsuite.tNetsuiteConnection,127
Talend Studio.Business.Netsuite.tNetsuiteInput,128
Talend Studio.Business.Netsuite.tNetsuiteOutput,129
Talend Studio.Business.tOpenbravoERPInput,130
Talend Studio.Business.tOpenbravoERPOutput,131
Talend Studio.Business.Salesforce,
Talend Studio.Business.Salesforce.tSalesforceBulkExec,132
Talend Studio.Business.Salesforce.tSalesforceConnection,133
Talend Studio.Business.Salesforce.tSalesforceEinsteinBulkExec,134
Talend Studio.Business.Salesforce.tSalesforceEinsteinOutputBulkExec,135
Talend Studio.Business.Salesforce.tSalesforceGetDeleted,136
Talend Studio.Business.Salesforce.tSalesforceGetServerTimestamp,137
Talend Studio.Business.Salesforce.tSalesforceGetUpdated,138
Talend Studio.Business.Salesforce.tSalesforceInput,139
Talend Studio.Business.Salesforce.tSalesforceOutput,140
Talend Studio.Business.Salesforce.tSalesforceOutputBulk,141
Talend Studio.Business.Salesforce.tSalesforceOutputBulkExec,142
Talend Studio.Business.SAP,
Talend Studio.Business.SAP.tSAPADSOInput,143
Talend Studio.Business.SAP.tSAPBapi,144
Talend Studio.Business.SAP.tSAPBWInput,145
Talend Studio.Business.SAP.tSAPCommit,146
Talend Studio.Business.SAP.tSAPConnection,147
Talend Studio.Business.SAP.tSAPDataSourceOutput,148
Talend Studio.Business.SAP.tSAPDataSourceReceiver,149
Talend Studio.Business.SAP.tSAPDSOInput,150
Talend Studio.Business.SAP.tSAPDSOOutput,151
Talend Studio.Business.SAP.tSAPIDocInput,152
Talend Studio.Business.SAP.tSAPIDocOutput,153
Talend Studio.Business.SAP.tSAPIDocReceiver,154
Talend Studio.Business.SAP.tSAPInfoCubeInput,155
Talend Studio.Business.SAP.tSAPInfoObjectInput,156
Talend Studio.Business.SAP.tSAPInfoObjectOutput,157
Talend Studio.Business.SAP.tSAPODPInput,158
Talend Studio.Business.SAP.tSAPRollback,159
Talend Studio.Business.SAP.tSAPTableInput,160
Talend Studio.Business.ServiceNow,
Talend Studio.Business.ServiceNow.tServiceNowConnection,161
Talend Studio.Business.ServiceNow.tServiceNowInput,162
Talend Studio.Business.ServiceNow.tServiceNowOutput,163
Talend Studio.Business.tVtigerCRMInput,164
Talend Studio.Business.tVtigerCRMOutput,165
Talend Studio.Business.tWorkdayInput,166
Talend Studio.Business Intelligence,
Talend Studio.Business Intelligence.tBarChart,168
Talend Studio.Business Intelligence.DB2,
Talend Studio.Business Intelligence.DB2.tDB2SCD,169
Talend Studio.Business Intelligence.DB2.tDB2SCDELT,170
Talend Studio.Business Intelligence.Greenplum,
Talend Studio.Business Intelligence.Greenplum.tGreenplumSCD,171
Talend Studio.Business Intelligence.Informix,
Talend Studio.Business Intelligence.Informix.tInformixSCD,172
Talend Studio.Business Intelligence.Ingres,
Talend Studio.Business Intelligence.Ingres.tIngresSCD,173
Talend Studio.Business Intelligence.tJasperOutput,174
Talend Studio.Business Intelligence.tJasperOutputExec,175
Talend Studio.Business Intelligence.JDBC,
Talend Studio.Business Intelligence.JDBC.tJDBCSCDELT,176
Talend Studio.Business Intelligence.tLineChart,177
Talend Studio.Business Intelligence.tMondrianInput,178
Talend Studio.Business Intelligence.MSSql,
Talend Studio.Business Intelligence.MSSql.tMSSqlSCD,179
Talend Studio.Business Intelligence.Mysql,
Talend Studio.Business Intelligence.Mysql.tMysqlSCD,180
Talend Studio.Business Intelligence.Mysql.tMysqlSCDELT,181
Talend Studio.Business Intelligence.Netezza,
Talend Studio.Business Intelligence.Netezza.tNetezzaSCD,182
Talend Studio.Business Intelligence.Oracle,
Talend Studio.Business Intelligence.Oracle.tOracleSCD,183
Talend Studio.Business Intelligence.Oracle.tOracleSCDELT,184
Talend Studio.Business Intelligence.Palo,
Talend Studio.Business Intelligence.Palo.tPaloCheckElements,185
Talend Studio.Business Intelligence.Palo.tPaloClose,186
Talend Studio.Business Intelligence.Palo.tPaloConnection,187
Talend Studio.Business Intelligence.Palo.tPaloCube,188
Talend Studio.Business Intelligence.Palo.tPaloCubeList,189
Talend Studio.Business Intelligence.Palo.tPaloDatabase,190
Talend Studio.Business Intelligence.Palo.tPaloDatabaseList,191
Talend Studio.Business Intelligence.Palo.tPaloDimension,192
Talend Studio.Business Intelligence.Palo.tPaloDimensionList,193
Talend Studio.Business Intelligence.Palo.tPaloInputMulti,194
Talend Studio.Business Intelligence.Palo.tPaloOutput,195
Talend Studio.Business Intelligence.Palo.tPaloOutputMulti,196
Talend Studio.Business Intelligence.Palo.tPaloRule,197
Talend Studio.Business Intelligence.Palo.tPaloRuleList,198
Talend Studio.Business Intelligence.ParAccel,
Talend Studio.Business Intelligence.ParAccel.tParAccelSCD,199
Talend Studio.Business Intelligence.Postgres,
Talend Studio.Business Intelligence.Postgres.tPostgresPlusSCD,200
Talend Studio.Business Intelligence.Postgres.tPostgresPlusSCDELT,201
Talend Studio.Business Intelligence.Postgres.tPostgresqlSCD,202
Talend Studio.Business Intelligence.Postgres.tPostgresqlSCDELT,203
Talend Studio.Business Intelligence.Splunk,
Talend Studio.Business Intelligence.Splunk.tSplunkEventCollector,204
Talend Studio.Business Intelligence.Sybase,
Talend Studio.Business Intelligence.Sybase.tSybaseSCD,205
Talend Studio.Business Intelligence.Sybase.tSybaseSCDELT,206
Talend Studio.Business Intelligence.Teradata,
Talend Studio.Business Intelligence.Teradata.tTeradataSCD,207
Talend Studio.Business Intelligence.Teradata.tTeradataSCDELT,208
Talend Studio.Business Intelligence.Vertica,
Talend Studio.Business Intelligence.Vertica.tVerticaSCD,209
Talend Studio.Cloud,
Talend Studio.Cloud.Amazon,
Talend Studio.Cloud.Amazon.Aurora,
Talend Studio.Cloud.Amazon.Aurora.tAmazonAuroraClose,211
Talend Studio.Cloud.Amazon.Aurora.tAmazonAuroraCommit,212
Talend Studio.Cloud.Amazon.Aurora.tAmazonAuroraConnection,213
Talend Studio.Cloud.Amazon.Aurora.tAmazonAuroraInput,214
Talend Studio.Cloud.Amazon.Aurora.tAmazonAuroraOutput,215
Talend Studio.Cloud.Amazon.Aurora.tAmazonAuroraRollback,216
Talend Studio.Cloud.Amazon.tAmazonEMRListInstances,217
Talend Studio.Cloud.Amazon.tAmazonEMRManage,218
Talend Studio.Cloud.Amazon.tAmazonEMRResize,219
Talend Studio.Cloud.Amazon.Mysql,
Talend Studio.Cloud.Amazon.Mysql.tAmazonMysqlClose,220
Talend Studio.Cloud.Amazon.Mysql.tAmazonMysqlCommit,221
Talend Studio.Cloud.Amazon.Mysql.tAmazonMysqlConnection,222
Talend Studio.Cloud.Amazon.Mysql.tAmazonMysqlInput,223
Talend Studio.Cloud.Amazon.Mysql.tAmazonMysqlOutput,224
Talend Studio.Cloud.Amazon.Mysql.tAmazonMysqlRollback,225
Talend Studio.Cloud.Amazon.Mysql.tAmazonMysqlRow,226
Talend Studio.Cloud.Amazon.Oracle,
Talend Studio.Cloud.Amazon.Oracle.tAmazonOracleClose,227
Talend Studio.Cloud.Amazon.Oracle.tAmazonOracleCommit,228
Talend Studio.Cloud.Amazon.Oracle.tAmazonOracleConnection,229
Talend Studio.Cloud.Amazon.Oracle.tAmazonOracleInput,230
Talend Studio.Cloud.Amazon.Oracle.tAmazonOracleOutput,231
Talend Studio.Cloud.Amazon.Oracle.tAmazonOracleRollback,232
Talend Studio.Cloud.Amazon.Oracle.tAmazonOracleRow,233
Talend Studio.Cloud.Amazon.Redshift,
Talend Studio.Cloud.Amazon.Redshift.tAmazonRedshiftManage,234
Talend Studio.Cloud.Azure,
Talend Studio.Cloud.Azure.tAzureAdlsGen2Input,235
Talend Studio.Cloud.Azure.tAzureAdlsGen2Output,236
Talend Studio.Cloud.Azure.tAzureStorageConnection,237
Talend Studio.Cloud.Azure.tAzureStorageContainerCreate,238
Talend Studio.Cloud.Azure.tAzureStorageContainerDelete,239
Talend Studio.Cloud.Azure.tAzureStorageContainerExist,240
Talend Studio.Cloud.Azure.tAzureStorageContainerList,241
Talend Studio.Cloud.Azure.tAzureStorageDelete,242
Talend Studio.Cloud.Azure.tAzureStorageGet,243
Talend Studio.Cloud.Azure.tAzureStorageInputTable,244
Talend Studio.Cloud.Azure.tAzureStorageList,245
Talend Studio.Cloud.Azure.tAzureStorageOutputTable,246
Talend Studio.Cloud.Azure.tAzureStoragePut,247
Talend Studio.Cloud.Azure.tAzureStorageQueueCreate,248
Talend Studio.Cloud.Azure.tAzureStorageQueueDelete,249
Talend Studio.Cloud.Azure.tAzureStorageQueueInput,250
Talend Studio.Cloud.Azure.tAzureStorageQueueInputLoop,251
Talend Studio.Cloud.Azure.tAzureStorageQueueList,252
Talend Studio.Cloud.Azure.tAzureStorageQueueOutput,253
Talend Studio.Cloud.Azure.tAzureStorageQueuePurge,254
Talend Studio.Cloud.Box,
Talend Studio.Cloud.Box.tBoxConnection,255
Talend Studio.Cloud.Box.tBoxCopy,256
Talend Studio.Cloud.Box.tBoxDelete,257
Talend Studio.Cloud.Box.tBoxGet,258
Talend Studio.Cloud.Box.tBoxList,259
Talend Studio.Cloud.Box.tBoxPut,260
Talend Studio.Cloud.tCloudStart,261
Talend Studio.Cloud.tCloudStop,262
Talend Studio.Cloud.Cosmos,
Talend Studio.Cloud.Cosmos.tCosmosDBBulkLoad,263
Talend Studio.Cloud.Cosmos.tCosmosDBConnection,264
Talend Studio.Cloud.Cosmos.tCosmosDBInput,265
Talend Studio.Cloud.Cosmos.tCosmosDBOutput,266
Talend Studio.Cloud.Cosmos.tCosmosDBRow,267
Talend Studio.Cloud.Dropbox,
Talend Studio.Cloud.Dropbox.tDropboxConnection,268
Talend Studio.Cloud.Dropbox.tDropboxDelete,269
Talend Studio.Cloud.Dropbox.tDropboxGet,270
Talend Studio.Cloud.Dropbox.tDropboxList,271
Talend Studio.Cloud.Dropbox.tDropboxPut,272
Talend Studio.Cloud.Google,
Talend Studio.Cloud.Google.tGoogleDataprocManage,273
Talend Studio.Cloud.Google.tGoogleDriveConnection,274
Talend Studio.Cloud.Google.tGoogleDriveCopy,275
Talend Studio.Cloud.Google.tGoogleDriveCreate,276
Talend Studio.Cloud.Google.tGoogleDriveDelete,277
Talend Studio.Cloud.Google.tGoogleDriveGet,278
Talend Studio.Cloud.Google.tGoogleDriveList,279
Talend Studio.Cloud.Google.tGoogleDrivePut,280
Talend Studio.Cloud.tGSBucketCreate,281
Talend Studio.Cloud.tGSBucketDelete,282
Talend Studio.Cloud.tGSBucketExist,283
Talend Studio.Cloud.tGSBucketList,284
Talend Studio.Cloud.tGSClose,285
Talend Studio.Cloud.tGSConnection,286
Talend Studio.Cloud.tGSCopy,287
Talend Studio.Cloud.tGSDelete,288
Talend Studio.Cloud.tGSGet,289
Talend Studio.Cloud.tGSList,290
Talend Studio.Cloud.tGSPut,291
Talend Studio.Cloud.Marketo,
Talend Studio.Cloud.Marketo.tMarketoBulkExec,292
Talend Studio.Cloud.Marketo.tMarketoCampaign,293
Talend Studio.Cloud.Marketo.tMarketoConnection,294
Talend Studio.Cloud.Marketo.tMarketoInput,295
Talend Studio.Cloud.Marketo.tMarketoListOperation,296
Talend Studio.Cloud.Marketo.tMarketoOutput,297
Talend Studio.Cloud.Netsuite,
Talend Studio.Cloud.Netsuite.tNetsuiteInput,298
Talend Studio.Cloud.Netsuite.tNetsuiteOutput,299
Talend Studio.Cloud.Redshift,
Talend Studio.Cloud.Redshift.tRedshiftBulkExec,300
Talend Studio.Cloud.Redshift.tRedshiftClose,301
Talend Studio.Cloud.Redshift.tRedshiftCommit,302
Talend Studio.Cloud.Redshift.tRedshiftConnection,303
Talend Studio.Cloud.Redshift.tRedshiftInput,304
Talend Studio.Cloud.Redshift.tRedshiftOutput,305
Talend Studio.Cloud.Redshift.tRedshiftOutputBulk,306
Talend Studio.Cloud.Redshift.tRedshiftOutputBulkExec,307
Talend Studio.Cloud.Redshift.tRedshiftRollback,308
Talend Studio.Cloud.Redshift.tRedshiftRow,309
Talend Studio.Cloud.Redshift.tRedshiftUnload,310
Talend Studio.Cloud.S3,
Talend Studio.Cloud.S3.tS3BucketCreate,311
Talend Studio.Cloud.S3.tS3BucketDelete,312
Talend Studio.Cloud.S3.tS3BucketExist,313
Talend Studio.Cloud.S3.tS3BucketList,314
Talend Studio.Cloud.S3.tS3Close,315
Talend Studio.Cloud.S3.tS3Connection,316
Talend Studio.Cloud.S3.tS3Copy,317
Talend Studio.Cloud.S3.tS3Delete,318
Talend Studio.Cloud.S3.tS3Get,319
Talend Studio.Cloud.S3.tS3List,320
Talend Studio.Cloud.S3.tS3Put,321
Talend Studio.Cloud.Salesforce,
Talend Studio.Cloud.Salesforce.tSalesforceBulkExec,322
Talend Studio.Cloud.Salesforce.tSalesforceConnection,323
Talend Studio.Cloud.Salesforce.tSalesforceEinsteinBulkExec,324
Talend Studio.Cloud.Salesforce.tSalesforceEinsteinOutputBulkExec,325
Talend Studio.Cloud.Salesforce.tSalesforceGetDeleted,326
Talend Studio.Cloud.Salesforce.tSalesforceGetServerTimestamp,327
Talend Studio.Cloud.Salesforce.tSalesforceGetUpdated,328
Talend Studio.Cloud.Salesforce.tSalesforceInput,329
Talend Studio.Cloud.Salesforce.tSalesforceOutput,330
Talend Studio.Cloud.Salesforce.tSalesforceOutputBulk,331
Talend Studio.Cloud.Salesforce.tSalesforceOutputBulkExec,332
Talend Studio.Cloud.ServiceNow,
Talend Studio.Cloud.ServiceNow.tServiceNowConnection,333
Talend Studio.Cloud.ServiceNow.tServiceNowInput,334
Talend Studio.Cloud.ServiceNow.tServiceNowOutput,335
Talend Studio.Cloud.Snowflake,
Talend Studio.Cloud.Snowflake.tSnowflakeBulkExec,336
Talend Studio.Cloud.Snowflake.tSnowflakeClose,337
Talend Studio.Cloud.Snowflake.tSnowflakeConnection,338
Talend Studio.Cloud.Snowflake.tSnowflakeInput,339
Talend Studio.Cloud.Snowflake.tSnowflakeOutput,340
Talend Studio.Cloud.Snowflake.tSnowflakeOutputBulk,341
Talend Studio.Cloud.Snowflake.tSnowflakeOutputBulkExec,342
Talend Studio.Cloud.Snowflake.tSnowflakeRow,343
Talend Studio.Cloud.SQLDWH,
Talend Studio.Cloud.SQLDWH.tSQLDWHBulkExec,344
Talend Studio.Cloud.SQLDWH.tSQLDWHClose,345
Talend Studio.Cloud.SQLDWH.tSQLDWHCommit,346
Talend Studio.Cloud.SQLDWH.tSQLDWHConnection,347
Talend Studio.Cloud.SQLDWH.tSQLDWHInput,348
Talend Studio.Cloud.SQLDWH.tSQLDWHOutput,349
Talend Studio.Cloud.SQLDWH.tSQLDWHRollback,350
Talend Studio.Cloud.SQLDWH.tSQLDWHRow,351
Talend Studio.Cloud.SQS,
Talend Studio.Cloud.SQS.tSQSConnection,352
Talend Studio.Cloud.SQS.tSQSInput,353
Talend Studio.Cloud.SQS.tSQSMessageChangeVisibility,354
Talend Studio.Cloud.SQS.tSQSMessageDelete,355
Talend Studio.Cloud.SQS.tSQSOutput,356
Talend Studio.Cloud.SQS.tSQSQueueAttributes,357
Talend Studio.Cloud.SQS.tSQSQueueCreate,358
Talend Studio.Cloud.SQS.tSQSQueueDelete,359
Talend Studio.Cloud.SQS.tSQSQueueList,360
Talend Studio.Cloud.SQS.tSQSQueuePurge,361
Talend Studio.Cloud.tWorkdayInput,362
Talend Studio.Connectivity,
Talend Studio.Connectivity.cAMQP,364
Talend Studio.Connectivity.cAWSConnection,365
Talend Studio.Connectivity.S3,
Talend Studio.Connectivity.S3.cAWSS3,366
Talend Studio.Connectivity.cAWSSES,367
Talend Studio.Connectivity.cAWSSNS,368
Talend Studio.Connectivity.SQS,
Talend Studio.Connectivity.SQS.cAWSSQS,369
Talend Studio.Connectivity.cFile,370
Talend Studio.Connectivity.cFtp,371
Talend Studio.Connectivity.cHttp,372
Talend Studio.Connectivity.cJMS,373
Talend Studio.Connectivity.Kafka,
Talend Studio.Connectivity.Kafka.cKafka,374
Talend Studio.Connectivity.cMail,375
Talend Studio.Connectivity.cMQConnectionFactory,376
Talend Studio.Connectivity.cMQTT,377
Talend Studio.Connectivity.cREST,378
Talend Studio.Connectivity.cSOAP,379
Talend Studio.Connectivity.cWMQ,380
Talend Studio.Core,
Talend Studio.Core.cDirect,382
Talend Studio.Core.cDirectVM,383
Talend Studio.Core.cExchangePattern,384
Talend Studio.Core.Java,
Talend Studio.Core.Java.cJavaDSLProcessor,385
Talend Studio.Core.cMessagingEndpoint,386
Talend Studio.Core.cSEDA,387
Talend Studio.Core.cSetBody,388
Talend Studio.Core.cSetHeader,389
Talend Studio.Core.cSetProperty,390
Talend Studio.Core.cVM,391
Talend Studio.Custom,
Talend Studio.Custom.cBean,393
Talend Studio.Custom.cBeanRegister,394
Talend Studio.Custom.cConfig,395
Talend Studio.Custom.cProcessor,396
Talend Studio.Custom Code,
Talend Studio.Custom Code.tGroovy,398
Talend Studio.Custom Code.tGroovyFile,399
Talend Studio.Custom Code.Java,
Talend Studio.Custom Code.Java.tJava,400
Talend Studio.Custom Code.Java.tJavaFlex,401
Talend Studio.Custom Code.Java.tJavaMR,402
Talend Studio.Custom Code.Java.tJavaRow,403
Talend Studio.Custom Code.Java.tJavaStorm,404
Talend Studio.Custom Code.tLibraryLoad,405
Talend Studio.Custom Code.tSetDynamicSchema,406
Talend Studio.Custom Code.tSetGlobalVar,407
Talend Studio.Data Quality,
Talend Studio.Data Quality.tAddCRCRow,409
Talend Studio.Data Quality.tAddressRowCloud,410
Talend Studio.Data Quality.tBatchAddressRowCloud,411
Talend Studio.Data Quality.tChangeFileEncoding,412
Talend Studio.Data Quality.tDataDecrypt,413
Talend Studio.Data Quality.tDataEncrypt,414
Talend Studio.Data Quality.tDataMasking,415
Talend Studio.Data Quality.tDataShuffling,416
Talend Studio.Data Quality.tDataUnmasking,417
Talend Studio.Data Quality.tDqReportRun,418
Talend Studio.Data Quality.tDuplicateRow,419
Talend Studio.Data Quality.tExtractRegexFields,420
Talend Studio.Data Quality.tFindRegexlibExpressions,421
Talend Studio.Data Quality.tFirstnameMatch,422
Talend Studio.Data Quality.tFuzzyMatch,423
Talend Studio.Data Quality.tFuzzyUniqRow,424
Talend Studio.Data Quality.tGenKey,425
Talend Studio.Data Quality.Google,
Talend Studio.Data Quality.Google.tGoogleAddressRow,426
Talend Studio.Data Quality.Google.tGoogleGeocoder,427
Talend Studio.Data Quality.Google.tGoogleMapLookup,428
Talend Studio.Data Quality.tIntervalMatch,429
Talend Studio.Data Quality.tJapaneseNumberNormalize,430
Talend Studio.Data Quality.tJapaneseTokenize,431
Talend Studio.Data Quality.tJapaneseTransliterate,432
Talend Studio.Data Quality.tLastRegexlibExpressions,433
Talend Studio.Data Quality.tLoqateAddressRow,434
Talend Studio.Data Quality.tMatchGroup,435
Talend Studio.Data Quality.tMatchIndex,436
Talend Studio.Data Quality.tMatchIndexPredict,437
Talend Studio.Data Quality.tMatchModel,438
Talend Studio.Data Quality.tMatchPairing,439
Talend Studio.Data Quality.tMatchPredict,440
Talend Studio.Data Quality.tMelissaDataAddress,441
Talend Studio.Data Quality.MSSql,
Talend Studio.Data Quality.MSSql.tMSSqlInvalidRows,442
Talend Studio.Data Quality.MSSql.tMSSqlValidRows,443
Talend Studio.Data Quality.tMultiPatternCheck,444
Talend Studio.Data Quality.tMySQLInvalidRows,445
Talend Studio.Data Quality.tMySQLValidRows,446
Talend Studio.Data Quality.Oracle,
Talend Studio.Data Quality.Oracle.tOracleInvalidRows,447
Talend Studio.Data Quality.Oracle.tOracleValidRows,448
Talend Studio.Data Quality.tPatternCheck,449
Talend Studio.Data Quality.tPatternExtract,450
Talend Studio.Data Quality.tPatternMasking,451
Talend Studio.Data Quality.tPatternUnmasking,452
Talend Studio.Data Quality.tPersonator,453
Talend Studio.Data Quality.Postgres,
Talend Studio.Data Quality.Postgres.tPostgresqlInvalidRows,454
Talend Studio.Data Quality.Postgres.tPostgresqlValidRows,455
Talend Studio.Data Quality.tQASAddressRow,456
Talend Studio.Data Quality.tQASBatchAddressRow,457
Talend Studio.Data Quality.tRecordMatching,458
Talend Studio.Data Quality.tReplaceList,459
Talend Studio.Data Quality.tReservoirSampling,460
Talend Studio.Data Quality.tRuleSurvivorship,461
Talend Studio.Data Quality.tSchemaComplianceCheck,462
Talend Studio.Data Quality.tStandardizePhoneNumber,463
Talend Studio.Data Quality.tStandardizeRow,464
Talend Studio.Data Quality.tStem,465
Talend Studio.Data Quality.tSurviveFields,466
Talend Studio.Data Quality.tSynonymOutput,467
Talend Studio.Data Quality.tSynonymSearch,468
Talend Studio.Data Quality.tThresholdViolationAlert,469
Talend Studio.Data Quality.tTransliterate,470
Talend Studio.Data Quality.tUniqRow,471
Talend Studio.Data Quality.tUniservBTGeneric,472
Talend Studio.Data Quality.tUniservRTConvertName,473
Talend Studio.Data Quality.tUniservRTMailBulk,474
Talend Studio.Data Quality.tUniservRTMailOutput,475
Talend Studio.Data Quality.tUniservRTMailSearch,476
Talend Studio.Data Quality.tUniservRTPost,477
Talend Studio.Data Quality.tVerifyEmail,478
Talend Studio.Databases,
Talend Studio.Databases.Access,
Talend Studio.Databases.Access.tAccessBulkExec,480
Talend Studio.Databases.Access.tAccessClose,481
Talend Studio.Databases.Access.tAccessCommit,482
Talend Studio.Databases.Access.tAccessConnection,483
Talend Studio.Databases.Access.tAccessInput,484
Talend Studio.Databases.Access.tAccessOutput,485
Talend Studio.Databases.Access.tAccessOutputBulk,486
Talend Studio.Databases.Access.tAccessOutputBulkExec,487
Talend Studio.Databases.Access.tAccessRollback,488
Talend Studio.Databases.Access.tAccessRow,489
Talend Studio.Databases.Amazon,
Talend Studio.Databases.Amazon.Aurora,
Talend Studio.Databases.Amazon.Aurora.tAmazonAuroraClose,490
Talend Studio.Databases.Amazon.Aurora.tAmazonAuroraCommit,491
Talend Studio.Databases.Amazon.Aurora.tAmazonAuroraConnection,492
Talend Studio.Databases.Amazon.Aurora.tAmazonAuroraInput,493
Talend Studio.Databases.Amazon.Aurora.tAmazonAuroraOutput,494
Talend Studio.Databases.Amazon.Aurora.tAmazonAuroraRollback,495
Talend Studio.Databases.Amazon.Mysql,
Talend Studio.Databases.Amazon.Mysql.tAmazonMysqlClose,496
Talend Studio.Databases.Amazon.Mysql.tAmazonMysqlCommit,497
Talend Studio.Databases.Amazon.Mysql.tAmazonMysqlConnection,498
Talend Studio.Databases.Amazon.Mysql.tAmazonMysqlInput,499
Talend Studio.Databases.Amazon.Mysql.tAmazonMysqlOutput,500
Talend Studio.Databases.Amazon.Mysql.tAmazonMysqlRollback,501
Talend Studio.Databases.Amazon.Mysql.tAmazonMysqlRow,502
Talend Studio.Databases.Amazon.Oracle,
Talend Studio.Databases.Amazon.Oracle.tAmazonOracleClose,503
Talend Studio.Databases.Amazon.Oracle.tAmazonOracleCommit,504
Talend Studio.Databases.Amazon.Oracle.tAmazonOracleConnection,505
Talend Studio.Databases.Amazon.Oracle.tAmazonOracleInput,506
Talend Studio.Databases.Amazon.Oracle.tAmazonOracleOutput,507
Talend Studio.Databases.Amazon.Oracle.tAmazonOracleRollback,508
Talend Studio.Databases.Amazon.Oracle.tAmazonOracleRow,509
Talend Studio.Databases.Amazon.Redshift,
Talend Studio.Databases.Amazon.Redshift.tAmazonRedshiftManage,510
Talend Studio.Databases.AS400,
Talend Studio.Databases.AS400.tAS400CDC,511
Talend Studio.Databases.AS400.tAS400Close,512
Talend Studio.Databases.AS400.tAS400Commit,513
Talend Studio.Databases.AS400.tAS400Connection,514
Talend Studio.Databases.AS400.tAS400Input,515
Talend Studio.Databases.AS400.tAS400LastInsertId,516
Talend Studio.Databases.AS400.tAS400Output,517
Talend Studio.Databases.AS400.tAS400Rollback,518
Talend Studio.Databases.AS400.tAS400Row,519
Talend Studio.Databases.tBigQueryConfiguration,520
Talend Studio.Databases.tBigQueryInput,521
Talend Studio.Databases.tBigQueryOutput,522
Talend Studio.Databases.Cassandra,
Talend Studio.Databases.Cassandra.tCassandraConfiguration,523
Talend Studio.Databases.Cassandra.tCassandraInput,524
Talend Studio.Databases.Cassandra.tCassandraLookupInput,525
Talend Studio.Databases.Cassandra.tCassandraOutput,526
Talend Studio.Databases.Cosmos,
Talend Studio.Databases.Cosmos.tCosmosDBBulkLoad,527
Talend Studio.Databases.Cosmos.tCosmosDBConnection,528
Talend Studio.Databases.Cosmos.tCosmosDBInput,529
Talend Studio.Databases.Cosmos.tCosmosDBOutput,530
Talend Studio.Databases.Cosmos.tCosmosDBRow,531
Talend Studio.Databases.tCreateTable,532
Talend Studio.Databases.DB2,
Talend Studio.Databases.DB2.tDB2BulkExec,533
Talend Studio.Databases.DB2.tDB2CDC,534
Talend Studio.Databases.DB2.tDB2Close,535
Talend Studio.Databases.DB2.tDB2Commit,536
Talend Studio.Databases.DB2.tDB2Connection,537
Talend Studio.Databases.DB2.tDB2Input,538
Talend Studio.Databases.DB2.tDB2Output,539
Talend Studio.Databases.DB2.tDB2Rollback,540
Talend Studio.Databases.DB2.tDB2Row,541
Talend Studio.Databases.DB2.tDB2SCD,542
Talend Studio.Databases.DB2.tDB2SCDELT,543
Talend Studio.Databases.DB2.tDB2SP,544
Talend Studio.Databases.tDBBulkExec,545
Talend Studio.Databases.tDBCDC,546
Talend Studio.Databases.tDBCDCOutput,547
Talend Studio.Databases.tDBClose,548
Talend Studio.Databases.tDBColumnList,549
Talend Studio.Databases.tDBCommit,550
Talend Studio.Databases.tDBConnection,551
Talend Studio.Databases.tDBInput,552
Talend Studio.Databases.tDBInvalidRows,553
Talend Studio.Databases.tDBLastInsertId,554
Talend Studio.Databases.tDBOutput,555
Talend Studio.Databases.tDBOutputBulk,556
Talend Studio.Databases.tDBOutputBulkExec,557
Talend Studio.Databases.tDBRollback,558
Talend Studio.Databases.tDBRow,559
Talend Studio.Databases.tDBSCD,560
Talend Studio.Databases.tDBSCDELT,561
Talend Studio.Databases.tDBSP,562
Talend Studio.Databases.tDBSQLRow,563
Talend Studio.Databases.tDBTableList,564
Talend Studio.Databases.tDBValidRows,565
Talend Studio.Databases.DynamoDB,
Talend Studio.Databases.DynamoDB.tDynamoDBConfiguration,566
Talend Studio.Databases.DynamoDB.tDynamoDBInput,567
Talend Studio.Databases.DynamoDB.tDynamoDBLookupInput,568
Talend Studio.Databases.DynamoDB.tDynamoDBOutput,569
Talend Studio.Databases.EXA,
Talend Studio.Databases.EXA.tEXABulkExec,570
Talend Studio.Databases.EXA.tEXAClose,571
Talend Studio.Databases.EXA.tEXACommit,572
Talend Studio.Databases.EXA.tEXAConnection,573
Talend Studio.Databases.EXA.tEXAInput,574
Talend Studio.Databases.EXA.tEXAOutput,575
Talend Studio.Databases.EXA.tEXARollback,576
Talend Studio.Databases.EXA.tEXARow,577
Talend Studio.Databases.EXist,
Talend Studio.Databases.EXist.tEXistConnection,578
Talend Studio.Databases.EXist.tEXistDelete,579
Talend Studio.Databases.EXist.tEXistGet,580
Talend Studio.Databases.EXist.tEXistList,581
Talend Studio.Databases.EXist.tEXistPut,582
Talend Studio.Databases.EXist.tEXistXQuery,583
Talend Studio.Databases.EXist.tEXistXUpdate,584
Talend Studio.Databases.Firebird,
Talend Studio.Databases.Firebird.tFirebirdClose,585
Talend Studio.Databases.Firebird.tFirebirdCommit,586
Talend Studio.Databases.Firebird.tFirebirdConnection,587
Talend Studio.Databases.Firebird.tFirebirdInput,588
Talend Studio.Databases.Firebird.tFirebirdOutput,589
Talend Studio.Databases.Firebird.tFirebirdRollback,590
Talend Studio.Databases.Firebird.tFirebirdRow,591
Talend Studio.Databases.Greenplum,
Talend Studio.Databases.Greenplum.tGreenplumBulkExec,592
Talend Studio.Databases.Greenplum.tGreenplumClose,593
Talend Studio.Databases.Greenplum.tGreenplumCommit,594
Talend Studio.Databases.Greenplum.tGreenplumConnection,595
Talend Studio.Databases.Greenplum.tGreenplumGPLoad,596
Talend Studio.Databases.Greenplum.tGreenplumInput,597
Talend Studio.Databases.Greenplum.tGreenplumOutput,598
Talend Studio.Databases.Greenplum.tGreenplumOutputBulk,599
Talend Studio.Databases.Greenplum.tGreenplumOutputBulkExec,600
Talend Studio.Databases.Greenplum.tGreenplumRollback,601
Talend Studio.Databases.Greenplum.tGreenplumRow,602
Talend Studio.Databases.Greenplum.tGreenplumSCD,603
Talend Studio.Databases.HBase,
Talend Studio.Databases.HBase.tHBaseConfiguration,604
Talend Studio.Databases.HBase.tHBaseInput,605
Talend Studio.Databases.HBase.tHBaseLookupInput,606
Talend Studio.Databases.HBase.tHBaseOutput,607
Talend Studio.Databases.Hive,
Talend Studio.Databases.Hive.tHiveClose,608
Talend Studio.Databases.Hive.tHiveConnection,609
Talend Studio.Databases.Hive.tHiveCreateTable,610
Talend Studio.Databases.Hive.tHiveInput,611
Talend Studio.Databases.Hive.tHiveLoad,612
Talend Studio.Databases.Hive.tHiveOutput,613
Talend Studio.Databases.Hive.tHiveRow,614
Talend Studio.Databases.HSQLD,
Talend Studio.Databases.HSQLD.tHSQLDbInput,615
Talend Studio.Databases.HSQLD.tHSQLDbOutput,616
Talend Studio.Databases.HSQLD.tHSQLDbRow,617
Talend Studio.Databases.Informix,
Talend Studio.Databases.Informix.tInformixBulkExec,618
Talend Studio.Databases.Informix.tInformixCDC,619
Talend Studio.Databases.Informix.tInformixClose,620
Talend Studio.Databases.Informix.tInformixCommit,621
Talend Studio.Databases.Informix.tInformixConnection,622
Talend Studio.Databases.Informix.tInformixInput,623
Talend Studio.Databases.Informix.tInformixOutput,624
Talend Studio.Databases.Informix.tInformixOutputBulk,625
Talend Studio.Databases.Informix.tInformixOutputBulkExec,626
Talend Studio.Databases.Informix.tInformixRollback,627
Talend Studio.Databases.Informix.tInformixRow,628
Talend Studio.Databases.Informix.tInformixSCD,629
Talend Studio.Databases.Informix.tInformixSP,630
Talend Studio.Databases.Ingres,
Talend Studio.Databases.Ingres.tIngresBulkExec,631
Talend Studio.Databases.Ingres.tIngresCDC,632
Talend Studio.Databases.Ingres.tIngresClose,633
Talend Studio.Databases.Ingres.tIngresCommit,634
Talend Studio.Databases.Ingres.tIngresConnection,635
Talend Studio.Databases.Ingres.tIngresInput,636
Talend Studio.Databases.Ingres.tIngresOutput,637
Talend Studio.Databases.Ingres.tIngresOutputBulk,638
Talend Studio.Databases.Ingres.tIngresOutputBulkExec,639
Talend Studio.Databases.Ingres.tIngresRollback,640
Talend Studio.Databases.Ingres.tIngresRow,641
Talend Studio.Databases.Ingres.tIngresSCD,642
Talend Studio.Databases.Interbase,
Talend Studio.Databases.Interbase.tInterbaseClose,643
Talend Studio.Databases.Interbase.tInterbaseCommit,644
Talend Studio.Databases.Interbase.tInterbaseConnection,645
Talend Studio.Databases.Interbase.tInterbaseInput,646
Talend Studio.Databases.Interbase.tInterbaseOutput,647
Talend Studio.Databases.Interbase.tInterbaseRollback,648
Talend Studio.Databases.Interbase.tInterbaseRow,649
Talend Studio.Databases.Java,
Talend Studio.Databases.Java.tJavaDBInput,650
Talend Studio.Databases.Java.tJavaDBOutput,651
Talend Studio.Databases.Java.tJavaDBRow,652
Talend Studio.Databases.JDBC,
Talend Studio.Databases.JDBC.tJDBCClose,653
Talend Studio.Databases.JDBC.tJDBCColumnList,654
Talend Studio.Databases.JDBC.tJDBCCommit,655
Talend Studio.Databases.JDBC.tJDBCConfiguration,656
Talend Studio.Databases.JDBC.tJDBCConnection,657
Talend Studio.Databases.JDBC.tJDBCInput,658
Talend Studio.Databases.JDBC.tJDBCLookupInput,659
Talend Studio.Databases.JDBC.tJDBCOutput,660
Talend Studio.Databases.JDBC.tJDBCRollback,661
Talend Studio.Databases.JDBC.tJDBCRow,662
Talend Studio.Databases.JDBC.tJDBCSCDELT,663
Talend Studio.Databases.JDBC.tJDBCSP,664
Talend Studio.Databases.JDBC.tJDBCTableList,665
Talend Studio.Databases.Kudu,
Talend Studio.Databases.Kudu.tKuduConfiguration,666
Talend Studio.Databases.Kudu.tKuduInput,667
Talend Studio.Databases.Kudu.tKuduOutput,668
Talend Studio.Databases.LDAP,
Talend Studio.Databases.LDAP.tLDAPAttributesInput,669
Talend Studio.Databases.LDAP.tLDAPClose,670
Talend Studio.Databases.LDAP.tLDAPConnection,671
Talend Studio.Databases.LDAP.tLDAPInput,672
Talend Studio.Databases.LDAP.tLDAPOutput,673
Talend Studio.Databases.LDAP.tLDAPRenameEntry,674
Talend Studio.Databases.MapR,
Talend Studio.Databases.MapR.tMapRDBConfiguration,675
Talend Studio.Databases.MapR.tMapRDBInput,676
Talend Studio.Databases.MapR.tMapRDBLookupInput,677
Talend Studio.Databases.MapR.tMapRDBOutput,678
Talend Studio.Databases.tMaxDBInput,679
Talend Studio.Databases.tMaxDBOutput,680
Talend Studio.Databases.tMaxDBRow,681
Talend Studio.Databases.MongoDB,
Talend Studio.Databases.MongoDB.tMongoDBConfiguration,682
Talend Studio.Databases.MongoDB.tMongoDBInput,683
Talend Studio.Databases.MongoDB.tMongoDBLookupInput,684
Talend Studio.Databases.MongoDB.tMongoDBOutput,685
Talend Studio.Databases.MSSql,
Talend Studio.Databases.MSSql.tMSSqlBulkExec,686
Talend Studio.Databases.MSSql.tMSSqlCDC,687
Talend Studio.Databases.MSSql.tMSSqlClose,688
Talend Studio.Databases.MSSql.tMSSqlColumnList,689
Talend Studio.Databases.MSSql.tMSSqlCommit,690
Talend Studio.Databases.MSSql.tMSSqlConnection,691
Talend Studio.Databases.MSSql.tMSSqlInput,692
Talend Studio.Databases.MSSql.tMSSqlLastInsertId,693
Talend Studio.Databases.MSSql.tMSSqlOutput,694
Talend Studio.Databases.MSSql.tMSSqlOutputBulk,695
Talend Studio.Databases.MSSql.tMSSqlOutputBulkExec,696
Talend Studio.Databases.MSSql.tMSSqlRollback,697
Talend Studio.Databases.MSSql.tMSSqlRow,698
Talend Studio.Databases.MSSql.tMSSqlSCD,699
Talend Studio.Databases.MSSql.tMSSqlSP,700
Talend Studio.Databases.MSSql.tMSSqlTableList,701
Talend Studio.Databases.Mysql,
Talend Studio.Databases.Mysql.tMysqlBulkExec,702
Talend Studio.Databases.Mysql.tMysqlCDC,703
Talend Studio.Databases.Mysql.tMysqlClose,704
Talend Studio.Databases.Mysql.tMysqlColumnList,705
Talend Studio.Databases.Mysql.tMysqlCommit,706
Talend Studio.Databases.Mysql.tMysqlConfiguration,707
Talend Studio.Databases.Mysql.tMysqlConnection,708
Talend Studio.Databases.Mysql.tMysqlInput,709
Talend Studio.Databases.tMySQLInvalidRows,710
Talend Studio.Databases.Mysql.tMysqlLastInsertId,711
Talend Studio.Databases.Mysql.tMysqlLookupInput,712
Talend Studio.Databases.Mysql.tMysqlOutput,713
Talend Studio.Databases.Mysql.tMysqlOutputBulk,714
Talend Studio.Databases.Mysql.tMysqlOutputBulkExec,715
Talend Studio.Databases.Mysql.tMysqlRollback,716
Talend Studio.Databases.Mysql.tMysqlRow,717
Talend Studio.Databases.Mysql.tMysqlSCD,718
Talend Studio.Databases.Mysql.tMysqlSCDELT,719
Talend Studio.Databases.Mysql.tMysqlSP,720
Talend Studio.Databases.Mysql.tMysqlTableList,721
Talend Studio.Databases.tMySQLValidRows,722
Talend Studio.Databases.Netezza,
Talend Studio.Databases.Netezza.tNetezzaBulkExec,723
Talend Studio.Databases.Netezza.tNetezzaClose,724
Talend Studio.Databases.Netezza.tNetezzaCommit,725
Talend Studio.Databases.Netezza.tNetezzaConnection,726
Talend Studio.Databases.Netezza.tNetezzaInput,727
Talend Studio.Databases.Netezza.tNetezzaNzLoad,728
Talend Studio.Databases.Netezza.tNetezzaOutput,729
Talend Studio.Databases.Netezza.tNetezzaRollback,730
Talend Studio.Databases.Netezza.tNetezzaRow,731
Talend Studio.Databases.Netezza.tNetezzaSCD,732
Talend Studio.Databases.Oracle,
Talend Studio.Databases.Oracle.tOracleBulkExec,733
Talend Studio.Databases.Oracle.tOracleCDC,734
Talend Studio.Databases.Oracle.tOracleCDCOutput,735
Talend Studio.Databases.Oracle.tOracleClose,736
Talend Studio.Databases.Oracle.tOracleCommit,737
Talend Studio.Databases.Oracle.tOracleConfiguration,738
Talend Studio.Databases.Oracle.tOracleConnection,739
Talend Studio.Databases.Oracle.tOracleInput,740
Talend Studio.Databases.Oracle.tOracleInvalidRows,741
Talend Studio.Databases.Oracle.tOracleLookupInput,742
Talend Studio.Databases.Oracle.tOracleOutput,743
Talend Studio.Databases.Oracle.tOracleOutputBulk,744
Talend Studio.Databases.Oracle.tOracleOutputBulkExec,745
Talend Studio.Databases.Oracle.tOracleRollback,746
Talend Studio.Databases.Oracle.tOracleRow,747
Talend Studio.Databases.Oracle.tOracleSCD,748
Talend Studio.Databases.Oracle.tOracleSCDELT,749
Talend Studio.Databases.Oracle.tOracleSP,750
Talend Studio.Databases.Oracle.tOracleTableList,751
Talend Studio.Databases.Oracle.tOracleValidRows,752
Talend Studio.Databases.ParAccel,
Talend Studio.Databases.ParAccel.tParAccelBulkExec,753
Talend Studio.Databases.ParAccel.tParAccelClose,754
Talend Studio.Databases.ParAccel.tParAccelCommit,755
Talend Studio.Databases.ParAccel.tParAccelConnection,756
Talend Studio.Databases.ParAccel.tParAccelInput,757
Talend Studio.Databases.ParAccel.tParAccelOutput,758
Talend Studio.Databases.ParAccel.tParAccelOutputBulk,759
Talend Studio.Databases.ParAccel.tParAccelOutputBulkExec,760
Talend Studio.Databases.ParAccel.tParAccelRollback,761
Talend Studio.Databases.ParAccel.tParAccelRow,762
Talend Studio.Databases.ParAccel.tParAccelSCD,763
Talend Studio.Databases.tParseRecordSet,764
Talend Studio.Databases.Postgres,
Talend Studio.Databases.Postgres.tPostgresPlusBulkExec,765
Talend Studio.Databases.Postgres.tPostgresPlusClose,766
Talend Studio.Databases.Postgres.tPostgresPlusCommit,767
Talend Studio.Databases.Postgres.tPostgresPlusConnection,768
Talend Studio.Databases.Postgres.tPostgresPlusInput,769
Talend Studio.Databases.Postgres.tPostgresPlusOutput,770
Talend Studio.Databases.Postgres.tPostgresPlusOutputBulk,771
Talend Studio.Databases.Postgres.tPostgresPlusOutputBulkExec,772
Talend Studio.Databases.Postgres.tPostgresPlusRollback,773
Talend Studio.Databases.Postgres.tPostgresPlusRow,774
Talend Studio.Databases.Postgres.tPostgresPlusSCD,775
Talend Studio.Databases.Postgres.tPostgresPlusSCDELT,776
Talend Studio.Databases.Postgres.tPostgresqlBulkExec,777
Talend Studio.Databases.Postgres.tPostgresqlCDC,778
Talend Studio.Databases.Postgres.tPostgresqlClose,779
Talend Studio.Databases.Postgres.tPostgresqlCommit,780
Talend Studio.Databases.Postgres.tPostgresqlConnection,781
Talend Studio.Databases.Postgres.tPostgresqlInput,782
Talend Studio.Databases.Postgres.tPostgresqlInvalidRows,783
Talend Studio.Databases.Postgres.tPostgresqlOutput,784
Talend Studio.Databases.Postgres.tPostgresqlOutputBulk,785
Talend Studio.Databases.Postgres.tPostgresqlOutputBulkExec,786
Talend Studio.Databases.Postgres.tPostgresqlRollback,787
Talend Studio.Databases.Postgres.tPostgresqlRow,788
Talend Studio.Databases.Postgres.tPostgresqlSCD,789
Talend Studio.Databases.Postgres.tPostgresqlSCDELT,790
Talend Studio.Databases.Postgres.tPostgresqlValidRows,791
Talend Studio.Databases.Redshift,
Talend Studio.Databases.Redshift.tRedshiftBulkExec,792
Talend Studio.Databases.Redshift.tRedshiftClose,793
Talend Studio.Databases.Redshift.tRedshiftCommit,794
Talend Studio.Databases.Redshift.tRedshiftConfiguration,795
Talend Studio.Databases.Redshift.tRedshiftConnection,796
Talend Studio.Databases.Redshift.tRedshiftInput,797
Talend Studio.Databases.Redshift.tRedshiftLookupInput,798
Talend Studio.Databases.Redshift.tRedshiftOutput,799
Talend Studio.Databases.Redshift.tRedshiftOutputBulk,800
Talend Studio.Databases.Redshift.tRedshiftOutputBulkExec,801
Talend Studio.Databases.Redshift.tRedshiftRollback,802
Talend Studio.Databases.Redshift.tRedshiftRow,803
Talend Studio.Databases.Redshift.tRedshiftUnload,804
Talend Studio.Databases.SAP,
Talend Studio.Databases.SAP.tSAPHanaClose,805
Talend Studio.Databases.SAP.tSAPHanaCommit,806
Talend Studio.Databases.SAP.tSAPHanaConnection,807
Talend Studio.Databases.SAP.tSAPHanaInput,808
Talend Studio.Databases.SAP.tSAPHanaOutput,809
Talend Studio.Databases.SAP.tSAPHanaRollback,810
Talend Studio.Databases.SAP.tSAPHanaRow,811
Talend Studio.Databases.SAP.tSAPHanaUnload,812
Talend Studio.Databases.Snowflake,
Talend Studio.Databases.Snowflake.tSnowflakeConfiguration,813
Talend Studio.Databases.Snowflake.tSnowflakeInput,814
Talend Studio.Databases.Snowflake.tSnowflakeOutput,815
Talend Studio.Databases.SQLDWH,
Talend Studio.Databases.SQLDWH.tSQLDWHBulkExec,816
Talend Studio.Databases.SQLDWH.tSQLDWHClose,817
Talend Studio.Databases.SQLDWH.tSQLDWHCommit,818
Talend Studio.Databases.SQLDWH.tSQLDWHConnection,819
Talend Studio.Databases.SQLDWH.tSQLDWHInput,820
Talend Studio.Databases.SQLDWH.tSQLDWHOutput,821
Talend Studio.Databases.SQLDWH.tSQLDWHRollback,822
Talend Studio.Databases.SQLDWH.tSQLDWHRow,823
Talend Studio.Databases.SQLite,
Talend Studio.Databases.SQLite.tSQLiteClose,824
Talend Studio.Databases.SQLite.tSQLiteCommit,825
Talend Studio.Databases.SQLite.tSQLiteConnection,826
Talend Studio.Databases.SQLite.tSQLiteInput,827
Talend Studio.Databases.SQLite.tSQLiteOutput,828
Talend Studio.Databases.SQLite.tSQLiteRollback,829
Talend Studio.Databases.SQLite.tSQLiteRow,830
Talend Studio.Databases.Sybase,
Talend Studio.Databases.Sybase.tSybaseBulkExec,831
Talend Studio.Databases.Sybase.tSybaseCDC,832
Talend Studio.Databases.Sybase.tSybaseClose,833
Talend Studio.Databases.Sybase.tSybaseCommit,834
Talend Studio.Databases.Sybase.tSybaseConnection,835
Talend Studio.Databases.Sybase.tSybaseInput,836
Talend Studio.Databases.Sybase.tSybaseIQBulkExec,837
Talend Studio.Databases.Sybase.tSybaseIQOutputBulkExec,838
Talend Studio.Databases.Sybase.tSybaseOutput,839
Talend Studio.Databases.Sybase.tSybaseOutputBulk,840
Talend Studio.Databases.Sybase.tSybaseOutputBulkExec,841
Talend Studio.Databases.Sybase.tSybaseRollback,842
Talend Studio.Databases.Sybase.tSybaseRow,843
Talend Studio.Databases.Sybase.tSybaseSCD,844
Talend Studio.Databases.Sybase.tSybaseSCDELT,845
Talend Studio.Databases.Sybase.tSybaseSP,846
Talend Studio.Databases.Teradata,
Talend Studio.Databases.Teradata.tTeradataCDC,847
Talend Studio.Databases.Teradata.tTeradataClose,848
Talend Studio.Databases.Teradata.tTeradataCommit,849
Talend Studio.Databases.Teradata.tTeradataConfiguration,850
Talend Studio.Databases.Teradata.tTeradataConnection,851
Talend Studio.Databases.Teradata.tTeradataFastExport,852
Talend Studio.Databases.Teradata.tTeradataFastLoad,853
Talend Studio.Databases.Teradata.tTeradataFastLoadUtility,854
Talend Studio.Databases.Teradata.tTeradataInput,855
Talend Studio.Databases.Teradata.tTeradataLookupInput,856
Talend Studio.Databases.Teradata.tTeradataMultiLoad,857
Talend Studio.Databases.Teradata.tTeradataOutput,858
Talend Studio.Databases.Teradata.tTeradataRollback,859
Talend Studio.Databases.Teradata.tTeradataRow,860
Talend Studio.Databases.Teradata.tTeradataSCD,861
Talend Studio.Databases.Teradata.tTeradataSCDELT,862
Talend Studio.Databases.Teradata.tTeradataTPTExec,863
Talend Studio.Databases.Teradata.tTeradataTPTUtility,864
Talend Studio.Databases.Teradata.tTeradataTPump,865
Talend Studio.Databases.VectorWise,
Talend Studio.Databases.VectorWise.tVectorWiseCommit,866
Talend Studio.Databases.VectorWise.tVectorWiseConnection,867
Talend Studio.Databases.VectorWise.tVectorWiseInput,868
Talend Studio.Databases.VectorWise.tVectorWiseOutput,869
Talend Studio.Databases.VectorWise.tVectorWiseRollback,870
Talend Studio.Databases.VectorWise.tVectorWiseRow,871
Talend Studio.Databases.Vertica,
Talend Studio.Databases.Vertica.tVerticaBulkExec,872
Talend Studio.Databases.Vertica.tVerticaClose,873
Talend Studio.Databases.Vertica.tVerticaCommit,874
Talend Studio.Databases.Vertica.tVerticaConnection,875
Talend Studio.Databases.Vertica.tVerticaInput,876
Talend Studio.Databases.Vertica.tVerticaOutput,877
Talend Studio.Databases.Vertica.tVerticaOutputBulk,878
Talend Studio.Databases.Vertica.tVerticaOutputBulkExec,879
Talend Studio.Databases.Vertica.tVerticaRollback,880
Talend Studio.Databases.Vertica.tVerticaRow,881
Talend Studio.Databases.Vertica.tVerticaSCD,882
Talend Studio.Databases NoSQL,
Talend Studio.Databases NoSQL.Cassandra,
Talend Studio.Databases NoSQL.Cassandra.tCassandraBulkExec,884
Talend Studio.Databases NoSQL.Cassandra.tCassandraClose,885
Talend Studio.Databases NoSQL.Cassandra.tCassandraConnection,886
Talend Studio.Databases NoSQL.Cassandra.tCassandraInput,887
Talend Studio.Databases NoSQL.Cassandra.tCassandraOutput,888
Talend Studio.Databases NoSQL.Cassandra.tCassandraOutputBulk,889
Talend Studio.Databases NoSQL.Cassandra.tCassandraOutputBulkExec,890
Talend Studio.Databases NoSQL.Cassandra.tCassandraRow,891
Talend Studio.Databases NoSQL.Couchbase,
Talend Studio.Databases NoSQL.Couchbase.tCouchbaseDCPInput,892
Talend Studio.Databases NoSQL.Couchbase.tCouchbaseDCPOutput,893
Talend Studio.Databases NoSQL.Couchbase.tCouchbaseInput,894
Talend Studio.Databases NoSQL.Couchbase.tCouchbaseOutput,895
Talend Studio.Databases NoSQL.DynamoDB,
Talend Studio.Databases NoSQL.DynamoDB.tDynamoDBInput,896
Talend Studio.Databases NoSQL.DynamoDB.tDynamoDBOutput,897
Talend Studio.Databases NoSQL.HBase,
Talend Studio.Databases NoSQL.HBase.tHBaseClose,898
Talend Studio.Databases NoSQL.HBase.tHBaseConnection,899
Talend Studio.Databases NoSQL.HBase.tHBaseInput,900
Talend Studio.Databases NoSQL.HBase.tHBaseOutput,901
Talend Studio.Databases NoSQL.MapR,
Talend Studio.Databases NoSQL.MapR.tMapRDBClose,902
Talend Studio.Databases NoSQL.MapR.tMapRDBConnection,903
Talend Studio.Databases NoSQL.MapR.tMapRDBInput,904
Talend Studio.Databases NoSQL.MapR.tMapRDBOutput,905
Talend Studio.Databases NoSQL.MapR.tMapROjaiInput,906
Talend Studio.Databases NoSQL.MapR.tMapROjaiOutput,907
Talend Studio.Databases NoSQL.MarkLogic,
Talend Studio.Databases NoSQL.MarkLogic.tMarkLogicBulkLoad,908
Talend Studio.Databases NoSQL.MarkLogic.tMarkLogicClose,909
Talend Studio.Databases NoSQL.MarkLogic.tMarkLogicConnection,910
Talend Studio.Databases NoSQL.MarkLogic.tMarkLogicInput,911
Talend Studio.Databases NoSQL.MarkLogic.tMarkLogicOutput,912
Talend Studio.Databases NoSQL.MongoDB,
Talend Studio.Databases NoSQL.MongoDB.tMongoDBBulkLoad,913
Talend Studio.Databases NoSQL.MongoDB.tMongoDBClose,914
Talend Studio.Databases NoSQL.MongoDB.tMongoDBConfiguration,915
Talend Studio.Databases NoSQL.MongoDB.tMongoDBConnection,916
Talend Studio.Databases NoSQL.MongoDB.tMongoDBGridFSDelete,917
Talend Studio.Databases NoSQL.MongoDB.tMongoDBGridFSGet,918
Talend Studio.Databases NoSQL.MongoDB.tMongoDBGridFSList,919
Talend Studio.Databases NoSQL.MongoDB.tMongoDBGridFSProperties,920
Talend Studio.Databases NoSQL.MongoDB.tMongoDBGridFSPut,921
Talend Studio.Databases NoSQL.MongoDB.tMongoDBInput,922
Talend Studio.Databases NoSQL.MongoDB.tMongoDBOutput,923
Talend Studio.Databases NoSQL.MongoDB.tMongoDBRow,924
Talend Studio.Databases NoSQL.Neo4j,
Talend Studio.Databases NoSQL.Neo4j.tNeo4jBatchOutput,925
Talend Studio.Databases NoSQL.Neo4j.tNeo4jBatchOutputRelationship,926
Talend Studio.Databases NoSQL.Neo4j.tNeo4jBatchSchema,927
Talend Studio.Databases NoSQL.Neo4j.tNeo4jClose,928
Talend Studio.Databases NoSQL.Neo4j.tNeo4jConnection,929
Talend Studio.Databases NoSQL.Neo4j.tNeo4jImportTool,930
Talend Studio.Databases NoSQL.Neo4j.tNeo4jInput,931
Talend Studio.Databases NoSQL.Neo4j.tNeo4jOutput,932
Talend Studio.Databases NoSQL.Neo4j.tNeo4jOutputRelationship,933
Talend Studio.Databases NoSQL.Neo4j.tNeo4jRow,934
Talend Studio.Databases NoSQL.Riak,
Talend Studio.Databases NoSQL.Riak.tRiakBucketList,935
Talend Studio.Databases NoSQL.Riak.tRiakClose,936
Talend Studio.Databases NoSQL.Riak.tRiakConnection,937
Talend Studio.Databases NoSQL.Riak.tRiakInput,938
Talend Studio.Databases NoSQL.Riak.tRiakKeyList,939
Talend Studio.Databases NoSQL.Riak.tRiakOutput,940
Talend Studio.DotNET,
Talend Studio.DotNET.tDotNETInstantiate,942
Talend Studio.DotNET.tDotNETRow,943
Talend Studio.ElasticSearch,
Talend Studio.ElasticSearch.tElasticSearchConfiguration,945
Talend Studio.ElasticSearch.tElasticSearchInput,946
Talend Studio.ElasticSearch.tElasticSearchLookupInput,947
Talend Studio.ElasticSearch.tElasticSearchOutput,948
Talend Studio.ELT,
Talend Studio.ELT.Access,
Talend Studio.ELT.Access.tAccessConnection,950
Talend Studio.ELT.AS400,
Talend Studio.ELT.AS400.tAS400Connection,951
Talend Studio.ELT.tCombinedSQLAggregate,952
Talend Studio.ELT.tCombinedSQLFilter,953
Talend Studio.ELT.tCombinedSQLInput,954
Talend Studio.ELT.tCombinedSQLOutput,955
Talend Studio.ELT.DB2,
Talend Studio.ELT.DB2.tDB2Connection,956
Talend Studio.ELT.Greenplum,
Talend Studio.ELT.Greenplum.tELTGreenplumInput,957
Talend Studio.ELT.Greenplum.tELTGreenplumMap,958
Talend Studio.ELT.Greenplum.tELTGreenplumOutput,959
Talend Studio.ELT.Hive,
Talend Studio.ELT.Hive.tELTHiveInput,960
Talend Studio.ELT.Hive.tELTHiveMap,961
Talend Studio.ELT.Hive.tELTHiveOutput,962
Talend Studio.ELT.tELTInput,963
Talend Studio.ELT.tELTMap,964
Talend Studio.ELT.MSSql,
Talend Studio.ELT.MSSql.tELTMSSqlInput,965
Talend Studio.ELT.MSSql.tELTMSSqlMap,966
Talend Studio.ELT.MSSql.tELTMSSqlOutput,967
Talend Studio.ELT.Mysql,
Talend Studio.ELT.Mysql.tELTMysqlInput,968
Talend Studio.ELT.Mysql.tELTMysqlMap,969
Talend Studio.ELT.Mysql.tELTMysqlOutput,970
Talend Studio.ELT.Netezza,
Talend Studio.ELT.Netezza.tELTNetezzaInput,971
Talend Studio.ELT.Netezza.tELTNetezzaMap,972
Talend Studio.ELT.Netezza.tELTNetezzaOutput,973
Talend Studio.ELT.Oracle,
Talend Studio.ELT.Oracle.tELTOracleInput,974
Talend Studio.ELT.Oracle.tELTOracleMap,975
Talend Studio.ELT.Oracle.tELTOracleOutput,976
Talend Studio.ELT.tELTOutput,977
Talend Studio.ELT.Postgres,
Talend Studio.ELT.Postgres.tELTPostgresqlInput,978
Talend Studio.ELT.Postgres.tELTPostgresqlMap,979
Talend Studio.ELT.Postgres.tELTPostgresqlOutput,980
Talend Studio.ELT.SAP,
Talend Studio.ELT.SAP.tELTSAPInput,981
Talend Studio.ELT.SAP.tELTSAPMap,982
Talend Studio.ELT.Sybase,
Talend Studio.ELT.Sybase.tELTSybaseInput,983
Talend Studio.ELT.Sybase.tELTSybaseMap,984
Talend Studio.ELT.Sybase.tELTSybaseOutput,985
Talend Studio.ELT.Teradata,
Talend Studio.ELT.Teradata.tELTTeradataInput,986
Talend Studio.ELT.Teradata.tELTTeradataMap,987
Talend Studio.ELT.Teradata.tELTTeradataOutput,988
Talend Studio.ELT.Vertica,
Talend Studio.ELT.Vertica.tELTVerticaInput,989
Talend Studio.ELT.Vertica.tELTVerticaMap,990
Talend Studio.ELT.Vertica.tELTVerticaOutput,991
Talend Studio.ELT.EXA,
Talend Studio.ELT.EXA.tEXAConnection,992
Talend Studio.ELT.Firebird,
Talend Studio.ELT.Firebird.tFirebirdConnection,993
Talend Studio.ELT.Greenplum.tGreenplumConnection,994
Talend Studio.ELT.Hive.tHiveConnection,995
Talend Studio.ELT.Ingres,
Talend Studio.ELT.Ingres.tIngresConnection,996
Talend Studio.ELT.Interbase,
Talend Studio.ELT.Interbase.tInterbaseConnection,997
Talend Studio.ELT.JDBC,
Talend Studio.ELT.JDBC.tJDBCConnection,998
Talend Studio.ELT.MSSql.tMSSqlConnection,999
Talend Studio.ELT.Mysql.tMysqlConnection,1000
Talend Studio.ELT.Netezza.tNetezzaConnection,1001
Talend Studio.ELT.Oracle.tOracleConnection,1002
Talend Studio.ELT.ParAccel,
Talend Studio.ELT.ParAccel.tParAccelConnection,1003
Talend Studio.ELT.Postgres.tPostgresPlusConnection,1004
Talend Studio.ELT.Postgres.tPostgresqlConnection,1005
Talend Studio.ELT.SAP.tSAPHanaConnection,1006
Talend Studio.ELT.SQLite,
Talend Studio.ELT.SQLite.tSQLiteConnection,1007
Talend Studio.ELT.tSQLTemplate,1008
Talend Studio.ELT.tSQLTemplateAggregate,1009
Talend Studio.ELT.tSQLTemplateCommit,1010
Talend Studio.ELT.tSQLTemplateFilterColumns,1011
Talend Studio.ELT.tSQLTemplateFilterRows,1012
Talend Studio.ELT.tSQLTemplateMerge,1013
Talend Studio.ELT.tSQLTemplateRollback,1014
Talend Studio.ELT.Sybase.tSybaseConnection,1015
Talend Studio.ELT.Teradata.tTeradataConnection,1016
Talend Studio.ELT.VectorWise,
Talend Studio.ELT.VectorWise.tVectorWiseConnection,1017
Talend Studio.ESB,
Talend Studio.ESB.tESBConsumer,1019
Talend Studio.ESB.tESBProviderFault,1020
Talend Studio.ESB.tESBProviderRequest,1021
Talend Studio.ESB.tESBProviderResponse,1022
Talend Studio.ESB.tRESTClient,1023
Talend Studio.ESB.tRESTRequest,1024
Talend Studio.ESB.tRESTResponse,1025
Talend Studio.ESB.tRouteFault,1026
Talend Studio.ESB.tRouteInput,1027
Talend Studio.ESB.tRouteOutput,1028
Talend Studio.Exception Handling,
Talend Studio.Exception Handling.cErrorHandler,1030
Talend Studio.Exception Handling.cIntercept,1031
Talend Studio.Exception Handling.cOnException,1032
Talend Studio.Exception Handling.cTry,1033
Talend Studio.File,
Talend Studio.File.FileOutput,
Talend Studio.File.FileOutput.tAdvancedFileOutputXML,1035
Talend Studio.File.tApacheLogInput,1036
Talend Studio.File.tAvroInput,1037
Talend Studio.File.tAvroOutput,1038
Talend Studio.File.tAvroStreamInput,1039
Talend Studio.File.tChangeFileEncoding,1040
Talend Studio.File.tCreateTemporaryFile,1041
Talend Studio.File.tDBFSConnection,1042
Talend Studio.File.tDBFSGet,1043
Talend Studio.File.tDBFSPut,1044
Talend Studio.File.tFileArchive,1045
Talend Studio.File.tFileCompare,1046
Talend Studio.File.tFileCopy,1047
Talend Studio.File.tFileDelete,1048
Talend Studio.File.tFileExist,1049
Talend Studio.File.FileInput,
Talend Studio.File.FileInput.tFileInputARFF,1050
Talend Studio.File.FileInput.tFileInputDelimited,1051
Talend Studio.File.FileInput.tFileInputExcel,1052
Talend Studio.File.FileInput.tFileInputFullRow,1053
Talend Studio.File.FileInput.tFileInputJSON,1054
Talend Studio.File.FileInput.tFileInputLDIF,1055
Talend Studio.File.FileInput.tFileInputMail,1056
Talend Studio.File.FileInput.tFileInputMSDelimited,1057
Talend Studio.File.FileInput.tFileInputMSPositional,1058
Talend Studio.File.FileInput.tFileInputMSXML,1059
Talend Studio.File.FileInput.tFileInputParquet,1060
Talend Studio.File.FileInput.tFileInputPositional,1061
Talend Studio.File.FileInput.tFileInputProperties,1062
Talend Studio.File.FileInput.tFileInputRaw,1063
Talend Studio.File.FileInput.tFileInputRegex,1064
Talend Studio.File.FileInput.tFileInputXML,1065
Talend Studio.File.tFileList,1066
Talend Studio.File.FileOutput.tFileOutputARFF,1067
Talend Studio.File.FileOutput.tFileOutputDelimited,1068
Talend Studio.File.FileOutput.tFileOutputExcel,1069
Talend Studio.File.FileOutput.tFileOutputJSON,1070
Talend Studio.File.FileOutput.tFileOutputLDIF,1071
Talend Studio.File.FileOutput.tFileOutputMSDelimited,1072
Talend Studio.File.FileOutput.tFileOutputMSPositional,1073
Talend Studio.File.FileOutput.tFileOutputMSXML,1074
Talend Studio.File.FileOutput.tFileOutputParquet,1075
Talend Studio.File.FileOutput.tFileOutputPositional,1076
Talend Studio.File.FileOutput.tFileOutputProperties,1077
Talend Studio.File.FileOutput.tFileOutputRaw,1078
Talend Studio.File.FileOutput.tFileOutputXML,1079
Talend Studio.File.tFileProperties,1080
Talend Studio.File.tFileRowCount,1081
Talend Studio.File.FileStream,
Talend Studio.File.FileStream.tFileStreamInputDelimited,1082
Talend Studio.File.FileStream.tFileStreamInputFullRow,1083
Talend Studio.File.FileStream.tFileStreamInputJSON,1084
Talend Studio.File.FileStream.tFileStreamInputParquet,1085
Talend Studio.File.FileStream.tFileStreamInputPositional,1086
Talend Studio.File.FileStream.tFileStreamInputRegex,1087
Talend Studio.File.FileStream.tFileStreamInputXML,1088
Talend Studio.File.tFileTouch,1089
Talend Studio.File.tFileUnarchive,1090
Talend Studio.File.tGPGDecrypt,1091
Talend Studio.File.HDFS,
Talend Studio.File.HDFS.tHDFSCompare,1092
Talend Studio.File.HDFS.tHDFSConnection,1093
Talend Studio.File.HDFS.tHDFSCopy,1094
Talend Studio.File.HDFS.tHDFSDelete,1095
Talend Studio.File.HDFS.tHDFSExist,1096
Talend Studio.File.HDFS.tHDFSGet,1097
Talend Studio.File.HDFS.tHDFSInput,1098
Talend Studio.File.HDFS.tHDFSList,1099
Talend Studio.File.HDFS.tHDFSOutput,1100
Talend Studio.File.HDFS.tHDFSProperties,1101
Talend Studio.File.HDFS.tHDFSPut,1102
Talend Studio.File.HDFS.tHDFSRename,1103
Talend Studio.File.HDFS.tHDFSRowCount,1104
Talend Studio.File.tNamedPipeClose,1105
Talend Studio.File.tNamedPipeOpen,1106
Talend Studio.File.tNamedPipeOutput,1107
Talend Studio.File.tPivotToColumnsDelimited,1108
Talend Studio.File.Sqoop,
Talend Studio.File.Sqoop.tSqoopExport,1109
Talend Studio.File.Sqoop.tSqoopImport,1110
Talend Studio.File.Sqoop.tSqoopImportAllTables,1111
Talend Studio.File.Sqoop.tSqoopMerge,1112
Talend Studio.Internet,
Talend Studio.Internet.tFileFetch,1114
Talend Studio.Internet.FileInput,
Talend Studio.Internet.FileInput.tFileInputJSON,1115
Talend Studio.Internet.tFTPClose,1116
Talend Studio.Internet.tFTPConnection,1117
Talend Studio.Internet.tFTPDelete,1118
Talend Studio.Internet.tFTPFileExist,1119
Talend Studio.Internet.tFTPFileList,1120
Talend Studio.Internet.tFTPFileProperties,1121
Talend Studio.Internet.tFTPGet,1122
Talend Studio.Internet.tFTPPut,1123
Talend Studio.Internet.tFTPRename,1124
Talend Studio.Internet.tFTPTruncate,1125
Talend Studio.Internet.tHttpRequest,1126
Talend Studio.Internet.JBoss,
Talend Studio.Internet.JBoss.tJBossESBInput,1127
Talend Studio.Internet.JBoss.tJBossESBOutput,1128
Talend Studio.Internet.tJMSInput,1129
Talend Studio.Internet.tJMSOutput,1130
Talend Studio.Internet.Kafka,
Talend Studio.Internet.Kafka.tKafkaCommit,1131
Talend Studio.Internet.Kafka.tKafkaConnection,1132
Talend Studio.Internet.Kafka.tKafkaCreateTopic,1133
Talend Studio.Internet.Kafka.tKafkaInput,1134
Talend Studio.Internet.Kafka.tKafkaOutput,1135
Talend Studio.Internet.MapR,
Talend Studio.Internet.MapR.tMapRStreamsCommit,1136
Talend Studio.Internet.MapR.tMapRStreamsCreateStream,1137
Talend Studio.Internet.MapR.tMapRStreamsInput,1138
Talend Studio.Internet.MapR.tMapRStreamsOutput,1139
Talend Studio.Internet.Microsoft,
Talend Studio.Internet.Microsoft.tMicrosoftMQInput,1140
Talend Studio.Internet.Microsoft.tMicrosoftMQOutput,1141
Talend Studio.Internet.tMomCommit,1142
Talend Studio.Internet.tMomConnection,1143
Talend Studio.Internet.tMomInput,1144
Talend Studio.Internet.tMomMessageIdList,1145
Talend Studio.Internet.tMomOutput,1146
Talend Studio.Internet.tMomRollback,1147
Talend Studio.Internet.tPetalsInput,1148
Talend Studio.Internet.tPetalsOutput,1149
Talend Studio.Internet.tPOP,1150
Talend Studio.Internet.tREST,1151
Talend Studio.Internet.tRSSInput,1152
Talend Studio.Internet.tRSSOutput,1153
Talend Studio.Internet.tSCPClose,1154
Talend Studio.Internet.tSCPConnection,1155
Talend Studio.Internet.tSCPDelete,1156
Talend Studio.Internet.tSCPFileExists,1157
Talend Studio.Internet.tSCPFileList,1158
Talend Studio.Internet.tSCPGet,1159
Talend Studio.Internet.tSCPPut,1160
Talend Studio.Internet.tSCPRename,1161
Talend Studio.Internet.tSCPTruncate,1162
Talend Studio.Internet.tSendMail,1163
Talend Studio.Internet.tSetKerberosConfiguration,1164
Talend Studio.Internet.tSetKeystore,1165
Talend Studio.Internet.tSetProxy,1166
Talend Studio.Internet.tSOAP,1167
Talend Studio.Internet.tSocketInput,1168
Talend Studio.Internet.tSocketOutput,1169
Talend Studio.Internet.tSocketTextStreamInput,1170
Talend Studio.Internet.tSVNLogInput,1171
Talend Studio.Internet.tWebService,1172
Talend Studio.Internet.tWebServiceInput,1173
Talend Studio.Internet.tXMLRPCInput,1174
Talend Studio.Logs & Errors,
Talend Studio.Logs & Errors.tAssert,1176
Talend Studio.Logs & Errors.tAssertCatcher,1177
Talend Studio.Logs & Errors.tChronometerStart,1178
Talend Studio.Logs & Errors.tChronometerStop,1179
Talend Studio.Logs & Errors.tDie,1180
Talend Studio.Logs & Errors.tFlowMeter,1181
Talend Studio.Logs & Errors.tFlowMeterCatcher,1182
Talend Studio.Logs & Errors.tLogCatcher,1183
Talend Studio.Logs & Errors.tLogRow,1184
Talend Studio.Logs & Errors.tStatCatcher,1185
Talend Studio.Logs & Errors.tWarn,1186
Talend Studio.Machine Learning,
Talend Studio.Machine Learning.tALSModel,1188
Talend Studio.Machine Learning.tClassify,1189
Talend Studio.Machine Learning.tClassifySVM,1190
Talend Studio.Machine Learning.tDecisionTreeModel,1191
Talend Studio.Machine Learning.tGradientBoostedTreeModel,1192
Talend Studio.Machine Learning.tKMeansModel,1193
Talend Studio.Machine Learning.tKMeansStrModel,1194
Talend Studio.Machine Learning.tLinearRegressionModel,1195
Talend Studio.Machine Learning.tLogisticRegressionModel,1196
Talend Studio.Machine Learning.tModelEncoder,1197
Talend Studio.Machine Learning.tNaiveBayesModel,1198
Talend Studio.Machine Learning.tPredict,1199
Talend Studio.Machine Learning.tPredictCluster,1200
Talend Studio.Machine Learning.tRandomForestModel,1201
Talend Studio.Machine Learning.tRecommend,1202
Talend Studio.Machine Learning.tSVMModel,1203
Talend Studio.MapReduce,
Talend Studio.MapReduce.tAvroInput,1205
Talend Studio.MapReduce.tAvroOutput,1206
Talend Studio.MapReduce.FileInput,
Talend Studio.MapReduce.FileInput.tFileInputDelimited,1207
Talend Studio.MapReduce.FileInput.tFileInputFullRow,1208
Talend Studio.MapReduce.FileInput.tFileInputJSON,1209
Talend Studio.MapReduce.FileInput.tFileInputParquet,1210
Talend Studio.MapReduce.FileInput.tFileInputPositional,1211
Talend Studio.MapReduce.FileInput.tFileInputXML,1212
Talend Studio.MapReduce.FileOutput,
Talend Studio.MapReduce.FileOutput.tFileOutputDelimited,1213
Talend Studio.MapReduce.FileOutput.tFileOutputJSON,1214
Talend Studio.MapReduce.FileOutput.tFileOutputParquet,1215
Talend Studio.MapReduce.FileOutput.tFileOutputPositional,1216
Talend Studio.MapReduce.FileOutput.tFileOutputXML,1217
Talend Studio.MapReduce.tGlobalVarLoad,1218
Talend Studio.MapReduce.HBase,
Talend Studio.MapReduce.HBase.tHBaseInput,1219
Talend Studio.MapReduce.HBase.tHBaseOutput,1220
Talend Studio.MapReduce.HDFS,
Talend Studio.MapReduce.HDFS.tHDFSInput,1221
Talend Studio.MapReduce.HDFS.tHDFSOutput,1222
Talend Studio.MapReduce.JDBC,
Talend Studio.MapReduce.JDBC.tJDBCInput,1223
Talend Studio.MapReduce.JDBC.tJDBCOutput,1224
Talend Studio.MapReduce.tMahoutClustering,1225
Talend Studio.MapReduce.MapR,
Talend Studio.MapReduce.MapR.tMapRDBInput,1226
Talend Studio.MapReduce.MapR.tMapRDBOutput,1227
Talend Studio.MapReduce.S3,
Talend Studio.MapReduce.S3.tS3Input,1228
Talend Studio.MapReduce.S3.tS3Output,1229
Talend Studio.Messaging,
Talend Studio.Messaging.tFlumeInput,1231
Talend Studio.Messaging.tFlumeOutput,1232
Talend Studio.Messaging.tJMSInput,1233
Talend Studio.Messaging.tJMSOutput,1234
Talend Studio.Messaging.Kafka,
Talend Studio.Messaging.Kafka.tKafkaInput,1235
Talend Studio.Messaging.Kafka.tKafkaInputAvro,1236
Talend Studio.Messaging.Kafka.tKafkaOutput,1237
Talend Studio.Messaging.tKinesisInput,1238
Talend Studio.Messaging.tKinesisInputAvro,1239
Talend Studio.Messaging.tKinesisOutput,1240
Talend Studio.Messaging.MapR,
Talend Studio.Messaging.MapR.tMapRStreamsInput,1241
Talend Studio.Messaging.MapR.tMapRStreamsInputAvro,1242
Talend Studio.Messaging.MapR.tMapRStreamsOutput,1243
Talend Studio.Messaging.tMQTTInput,1244
Talend Studio.Messaging.tMQTTOutput,1245
Talend Studio.Messaging.tPubSubInput,1246
Talend Studio.Messaging.tPubSubInputAvro,1247
Talend Studio.Messaging.tPubSubOutput,1248
Talend Studio.Misc,
Talend Studio.Misc.tAddLocationFromIP,1250
Talend Studio.Misc.tBufferInput,1251
Talend Studio.Misc.tBufferOutput,1252
Talend Studio.Misc.tContextDump,1253
Talend Studio.Misc.tContextLoad,1254
Talend Studio.Misc.tFixedFlowInput,1255
Talend Studio.Misc.tLogRow,1256
Talend Studio.Misc.tMemorizeRows,1257
Talend Studio.Misc.Box,
Talend Studio.Misc.Box.tMsgBox,1258
Talend Studio.Misc.tRowGenerator,1259
Talend Studio.Misc.tServerAlive,1260
Talend Studio.Miscellaneous,
Talend Studio.Miscellaneous.cLog,1262
Talend Studio.Miscellaneous.cStop,1263
Talend Studio.Natural Language Processing,
Talend Studio.Natural Language Processing.tCompareColumns,1265
Talend Studio.Natural Language Processing.tNLPModel,1266
Talend Studio.Natural Language Processing.tNLPPredict,1267
Talend Studio.Natural Language Processing.tNLPPreprocessing,1268
Talend Studio.Orchestration,
Talend Studio.Orchestration.cDelayer,1270
Talend Studio.Orchestration.cLoop,1271
Talend Studio.Orchestration.cTimer,1272
Talend Studio.Orchestration.tCollector,1273
Talend Studio.Orchestration.tDepartitioner,1274
Talend Studio.Orchestration.tFileList,1275
Talend Studio.Orchestration.tFlowToIterate,1276
Talend Studio.Orchestration.tForeach,1277
Talend Studio.Orchestration.tInfiniteLoop,1278
Talend Studio.Orchestration.tIterateToFlow,1279
Talend Studio.Orchestration.tLoop,1280
Talend Studio.Orchestration.tParallelize,1281
Talend Studio.Orchestration.tPartitioner,1282
Talend Studio.Orchestration.tPostjob,1283
Talend Studio.Orchestration.tPrejob,1284
Talend Studio.Orchestration.tRecollector,1285
Talend Studio.Orchestration.tReplicate,1286
Talend Studio.Orchestration.tRunJob,1287
Talend Studio.Orchestration.tSleep,1288
Talend Studio.Orchestration.tUnite,1289
Talend Studio.Orchestration.tWaitForFile,1290
Talend Studio.Orchestration.tWaitForSocket,1291
Talend Studio.Orchestration.tWaitForSqlData,1292
Talend Studio.Processing,
Talend Studio.Processing.tAggregateRow,1294
Talend Studio.Processing.tAggregateSortedRow,1295
Talend Studio.Processing.tBRMS,1296
Talend Studio.Processing.tCacheIn,1297
Talend Studio.Processing.tCacheOut,1298
Talend Studio.Processing.tConvertType,1299
Talend Studio.Processing.tDenormalize,1300
Talend Studio.Processing.tDenormalizeSortedRow,1301
Talend Studio.Processing.tExternalSortRow,1302
Talend Studio.Processing.tExtractDelimitedFields,1303
Talend Studio.Processing.tExtractDynamicFields,1304
Talend Studio.Processing.tExtractEDIField,1305
Talend Studio.Processing.tExtractJSONFields,1306
Talend Studio.Processing.tExtractPositionalFields,1307
Talend Studio.Processing.tExtractRegexFields,1308
Talend Studio.Processing.tExtractXMLField,1309
Talend Studio.Processing.tFilterColumns,1310
Talend Studio.Processing.tFilterRow,1311
Talend Studio.Processing.tHConvertFile,1312
Talend Studio.Processing.tHMap,1313
Talend Studio.Processing.tHMapFile,1314
Talend Studio.Processing.tHMapInput,1315
Talend Studio.Processing.MapR,
Talend Studio.Processing.MapR.tHMapRecord,1316
Talend Studio.Processing.tJoin,1317
Talend Studio.Processing.tMap,1318
Talend Studio.Processing.tNormalize,1319
Talend Studio.Processing.tPartition,1320
Talend Studio.Processing.tReplace,1321
Talend Studio.Processing.tReplicate,1322
Talend Studio.Processing.tRules,1323
Talend Studio.Processing.tSample,1324
Talend Studio.Processing.tSampleRow,1325
Talend Studio.Processing.tSortRow,1326
Talend Studio.Processing.tSplitRow,1327
Talend Studio.Processing.tSqlRow,1328
Talend Studio.Processing.tSurviveFields,1329
Talend Studio.Processing.tTop,1330
Talend Studio.Processing.tTopBy,1331
Talend Studio.Processing.tUniqRow,1332
Talend Studio.Processing.tWindow,1333
Talend Studio.Processing.tWriteAvroFields,1334
Talend Studio.Processing.tWriteDelimitedFields,1335
Talend Studio.Processing.tWriteDynamicFields,1336
Talend Studio.Processing.tWriteJSONField,1337
Talend Studio.Processing.tWritePositionalFields,1338
Talend Studio.Processing.tWriteXMLFields,1339
Talend Studio.Processing.tXMLMap,1340
Talend Studio.Routing,
Talend Studio.Routing.cAggregate,1342
Talend Studio.Routing.cDynamicRouter,1343
Talend Studio.Routing.cIdempotentConsumer,1344
Talend Studio.Routing.cLoadBalancer,1345
Talend Studio.Routing.cMessageFilter,1346
Talend Studio.Routing.cMessageRouter,1347
Talend Studio.Routing.cMulticast,1348
Talend Studio.Routing.cPipesAndFilters,1349
Talend Studio.Routing.cRecipientList,1350
Talend Studio.Routing.cRoutingSlip,1351
Talend Studio.Routing.cSplitter,1352
Talend Studio.Routing.cThrottler,1353
Talend Studio.Routing.cWireTap,1354
Talend Studio.Storage,
Talend Studio.Storage.Azure,
Talend Studio.Storage.Azure.tAzureFSConfiguration,1356
Talend Studio.Storage.tBigQueryConfiguration,1357
Talend Studio.Storage.Cassandra,
Talend Studio.Storage.Cassandra.tCassandraConfiguration,1358
Talend Studio.Storage.DynamoDB,
Talend Studio.Storage.DynamoDB.tDynamoDBConfiguration,1359
Talend Studio.Storage.Google,
Talend Studio.Storage.Google.tGoogleCloudConfiguration,1360
Talend Studio.Storage.tGSConfiguration,1361
Talend Studio.Storage.HBase,
Talend Studio.Storage.HBase.tHBaseConfiguration,1362
Talend Studio.Storage.HDFS,
Talend Studio.Storage.HDFS.tHDFSConfiguration,1363
Talend Studio.Storage.Hive,
Talend Studio.Storage.Hive.tHiveConfiguration,1364
Talend Studio.Storage.JDBC,
Talend Studio.Storage.JDBC.tJDBCConfiguration,1365
Talend Studio.Storage.Kudu,
Talend Studio.Storage.Kudu.tKuduConfiguration,1366
Talend Studio.Storage.MapR,
Talend Studio.Storage.MapR.tMapRDBConfiguration,1367
Talend Studio.Storage.Mysql,
Talend Studio.Storage.Mysql.tMysqlConfiguration,1368
Talend Studio.Storage.Oracle,
Talend Studio.Storage.Oracle.tOracleConfiguration,1369
Talend Studio.Storage.Redshift,
Talend Studio.Storage.Redshift.tRedshiftConfiguration,1370
Talend Studio.Storage.S3,
Talend Studio.Storage.S3.tS3Configuration,1371
Talend Studio.Storage.tTachyonConfiguration,1372
Talend Studio.Storage.Teradata,
Talend Studio.Storage.Teradata.tTeradataConfiguration,1373
Talend Studio.Storm,
Talend Studio.Storm.JDBC,
Talend Studio.Storm.JDBC.tJDBCOutput,1375
Talend Studio.System,
Talend Studio.System.tRunJob,1377
Talend Studio.System.tSetEnv,1378
Talend Studio.System.tSSH,1379
Talend Studio.System.tSystem,1380
Talend Studio.Talend,
Talend Studio.Talend.cTalendJob,1382
Talend Studio.Talend Cloud,
Talend Studio.Talend Cloud.tJobFailure,1384
Talend Studio.Talend Cloud.tJobLog,1385
Talend Studio.Talend Cloud.tJobReject,1386
Talend Studio.Talend Data Preparation,
Talend Studio.Talend Data Preparation.tDataprepRun,1388
Talend Studio.Talend Data Preparation.tDatasetInput,1389
Talend Studio.Talend Data Preparation.tDatasetOutput,1390
Talend Studio.Talend Data Stewardship,
Talend Studio.Talend Data Stewardship.tDataStewardshipTaskDelete,1392
Talend Studio.Talend Data Stewardship.tDataStewardshipTaskInput,1393
Talend Studio.Talend Data Stewardship.tDataStewardshipTaskOutput,1394
Talend Studio.Talend MDM,
Talend Studio.Talend MDM.tMDMBulkLoad,1396
Talend Studio.Talend MDM.tMDMClose,1397
Talend Studio.Talend MDM.tMDMCommit,1398
Talend Studio.Talend MDM.tMDMConnection,1399
Talend Studio.Talend MDM.tMDMDelete,1400
Talend Studio.Talend MDM.tMDMInput,1401
Talend Studio.Talend MDM.tMDMOutput,1402
Talend Studio.Talend MDM.tMDMReceive,1403
Talend Studio.Talend MDM.tMDMRestInput,1404
Talend Studio.Talend MDM.tMDMRollback,1405
Talend Studio.Talend MDM.tMDMRouteRecord,1406
Talend Studio.Talend MDM.tMDMSP,1407
Talend Studio.Talend MDM.tMDMTriggerInput,1408
Talend Studio.Talend MDM.tMDMTriggerOutput,1409
Talend Studio.Talend MDM.tMDMViewSearch,1410
Talend Studio.Talend MDM.tSurviveFields,1411
Talend Studio.Technical,
Talend Studio.Technical.tBoundedStreamInput,1413
Talend Studio.Technical.tCollectAndCheck,1414
Talend Studio.Technical.tDeltaLakeInput,1415
Talend Studio.Technical.tDeltaLakeOutput,1416
Talend Studio.Technical.tHashInput,1417
Talend Studio.Technical.tHashOutput,1418
Talend Studio.Testing,
Talend Studio.Testing.cDataset,1420
Talend Studio.Testing.cMock,1421
Talend Studio.Transformation,
Talend Studio.Transformation.cContentEnricher,1423
Talend Studio.Transformation.cConvertBodyTo,1424
Talend Studio.Transformation.cFlatPack,1425
Talend Studio.Transformation.cMap,1426
Talend Studio.Webservice,
Talend Studio.Webservice.tRestWebServiceLookupInput,1428
Talend Studio.Webservice.tRestWebServiceOutput,1429
Talend Studio.XML,
Talend Studio.XML.FileOutput,
Talend Studio.XML.FileOutput.tAdvancedFileOutputXML,1431
Talend Studio.XML.tDTDValidator,1432
Talend Studio.XML.tEDIFACTtoXML,1433
Talend Studio.XML.tExtractXMLField,1434
Talend Studio.XML.FileInput,
Talend Studio.XML.FileInput.tFileInputMSXML,1435
Talend Studio.XML.FileInput.tFileInputXML,1436
Talend Studio.XML.FileOutput.tFileOutputXML,1437
Talend Studio.XML.tWriteXMLField,1438
Talend Studio.XML.tXMLMap,1439
Talend Studio.XML.tXSDValidator,1440
Talend Studio.XML.tXSLT,1441
